{"cameraMode":{"drawMode":0,"name":"Shaded","section":"Shading Mode"},"sceneLighting":true,"audioPlay":false,"sceneViewState":{"showFog":true,"showMaterialUpdate":true,"showSkybox":true,"showFlares":true,"showImageEffects":true,"showParticleSystems":true},"in2DMode":false,"pivot":{"x":-1.9806915521621705,"y":0.4931035041809082,"z":1.945379376411438},"rotation":{"x":-0.10352232307195664,"y":-0.8680331110954285,"z":0.4407232999801636,"w":-0.2038920670747757},"size":7.649758338928223,"orthographic":false}