{"cameraMode":{"drawMode":0,"name":"Shaded","section":"Shading Mode"},"sceneLighting":true,"audioPlay":false,"sceneViewState":{"showFog":true,"showMaterialUpdate":true,"showSkybox":true,"showFlares":true,"showImageEffects":true,"showParticleSystems":true},"in2DMode":false,"pivot":{"x":2.7280538082122804,"y":8.29401683807373,"z":-0.6345720291137695},"rotation":{"x":0.2568349540233612,"y":-0.022054053843021394,"z":0.005846831016242504,"w":0.9662100076675415},"size":17.826648712158204,"orthographic":false}