{"cameraMode":{"drawMode":0,"name":"Shaded","section":"Shading Mode"},"sceneLighting":true,"audioPlay":false,"sceneViewState":{"showFog":true,"showMaterialUpdate":true,"showSkybox":true,"showFlares":true,"showImageEffects":true,"showParticleSystems":true},"in2DMode":false,"pivot":{"x":0.33686256408691409,"y":0.7213106155395508,"z":0.19005396962165833},"rotation":{"x":-0.3514488935470581,"y":0.4907810091972351,"z":-0.22556355595588685,"w":-0.7646816968917847},"size":14.881431579589844,"orthographic":false}