{"cameraMode":{"drawMode":0,"name":"Shaded","section":"Shading Mode"},"sceneLighting":true,"audioPlay":false,"sceneViewState":{"showFog":true,"showMaterialUpdate":true,"showSkybox":true,"showFlares":true,"showImageEffects":true,"showParticleSystems":true},"in2DMode":false,"pivot":{"x":-0.6082494854927063,"y":0.9146151542663574,"z":1.134120225906372},"rotation":{"x":0.14439888298511506,"y":-0.687833845615387,"z":0.14252929389476777,"w":0.6969497799873352},"size":1.404503345489502,"orthographic":false}