{"cameraMode":{"drawMode":0,"name":"Shaded","section":"Shading Mode"},"sceneLighting":true,"audioPlay":false,"sceneViewState":{"showFog":true,"showMaterialUpdate":true,"showSkybox":true,"showFlares":true,"showImageEffects":true,"showParticleSystems":true},"in2DMode":false,"pivot":{"x":-0.6082494854927063,"y":0.9146151542663574,"z":1.134120225906372},"rotation":{"x":0.03655816987156868,"y":0.9272878766059876,"z":-0.3605271279811859,"w":0.09409166127443314},"size":7.624455451965332,"orthographic":false}